insert into `offices` (`name`, `office_id`) values ('42nd-Street', 0);
insert into `offices` (`name`, `office_id`) values ('750-N-San-Vicente-Blvd', 1);
insert into `offices` (`name`, `office_id`) values ('Callaghan-Square', 2);
insert into `offices` (`name`, `office_id`) values ('Mulgrave-Terrace', 3);
insert into `offices` (`name`, `office_id`) values ('Pinesway', 4);
insert into `offices` (`name`, `office_id`) values ('Quay-House', 5);
insert into `offices` (`name`, `office_id`) values ('Westbourne-Terrace', 6);
insert into `offices` (`name`, `office_id`) values ('Winnersh-Triangle', 7);
insert into `offices` (`name`, `office_id`) values ('York-Street', 8);
insert into `office_floors` (`floor_id`, `meeting_room_floor_number`, `office_id`) values (0, 7, 0);
insert into `office_floors` (`floor_id`, `meeting_room_floor_number`, `office_id`) values (1, 8, 1);
insert into `office_floors` (`floor_id`, `meeting_room_floor_number`, `office_id`) values (2, 5, 2);
insert into `office_floors` (`floor_id`, `meeting_room_floor_number`, `office_id`) values (3, 1, 3);
insert into `office_floors` (`floor_id`, `meeting_room_floor_number`, `office_id`) values (4, 1, 4);
insert into `office_floors` (`floor_id`, `meeting_room_floor_number`, `office_id`) values (5, 0, 5);
insert into `office_floors` (`floor_id`, `meeting_room_floor_number`, `office_id`) values (6, -1, 5);
insert into `office_floors` (`floor_id`, `meeting_room_floor_number`, `office_id`) values (7, 2, 5);
insert into `office_floors` (`floor_id`, `meeting_room_floor_number`, `office_id`) values (8, 3, 5);
insert into `office_floors` (`floor_id`, `meeting_room_floor_number`, `office_id`) values (9, 5, 5);
insert into `office_floors` (`floor_id`, `meeting_room_floor_number`, `office_id`) values (10, 4, 5);
insert into `office_floors` (`floor_id`, `meeting_room_floor_number`, `office_id`) values (11, 0, 6);
insert into `office_floors` (`floor_id`, `meeting_room_floor_number`, `office_id`) values (12, 3, 6);
insert into `office_floors` (`floor_id`, `meeting_room_floor_number`, `office_id`) values (13, 1, 6);
insert into `office_floors` (`floor_id`, `meeting_room_floor_number`, `office_id`) values (14, 4, 6);
insert into `office_floors` (`floor_id`, `meeting_room_floor_number`, `office_id`) values (15, 0, 7);
insert into `office_floors` (`floor_id`, `meeting_room_floor_number`, `office_id`) values (16, 1, 7);
insert into `office_floors` (`floor_id`, `meeting_room_floor_number`, `office_id`) values (17, 10, 8);
insert into `meeting_rooms` (`floor_id`, `meeting_room_id`, `meeting_room_name`) values (0, 0, 'Maternity Room');
insert into `meeting_rooms` (`floor_id`, `meeting_room_id`, `meeting_room_name`) values (0, 1, 'The Studio');
insert into `meeting_rooms` (`floor_id`, `meeting_room_id`, `meeting_room_name`) values (0, 2, 'Baltic Ave');
insert into `meeting_rooms` (`floor_id`, `meeting_room_id`, `meeting_room_name`) values (0, 3, 'Boardwalk');
insert into `meeting_rooms` (`floor_id`, `meeting_room_id`, `meeting_room_name`) values (0, 4, 'Marvin Gardens');
insert into `meeting_rooms` (`floor_id`, `meeting_room_id`, `meeting_room_name`) values (0, 5, 'King''s Cross Station');
insert into `meeting_rooms` (`floor_id`, `meeting_room_id`, `meeting_room_name`) values (0, 6, 'The Strand');
insert into `meeting_rooms` (`floor_id`, `meeting_room_id`, `meeting_room_name`) values (0, 7, 'Bond Street');
insert into `meeting_rooms` (`floor_id`, `meeting_room_id`, `meeting_room_name`) values (0, 8, 'Reading Railroad');
insert into `meeting_rooms` (`floor_id`, `meeting_room_id`, `meeting_room_name`) values (0, 9, 'Pacific Avenue');
insert into `meeting_rooms` (`floor_id`, `meeting_room_id`, `meeting_room_name`) values (1, 10, 'WhoWhatWear Nursing Room');
insert into `meeting_rooms` (`floor_id`, `meeting_room_id`, `meeting_room_name`) values (1, 11, 'Miranda');
insert into `meeting_rooms` (`floor_id`, `meeting_room_id`, `meeting_room_name`) values (1, 12, 'Runway HQ');
insert into `meeting_rooms` (`floor_id`, `meeting_room_id`, `meeting_room_name`) values (1, 13, 'Emily');
insert into `meeting_rooms` (`floor_id`, `meeting_room_id`, `meeting_room_name`) values (1, 14, 'Andy');
insert into `meeting_rooms` (`floor_id`, `meeting_room_id`, `meeting_room_name`) values (2, 15, 'Room 6');
insert into `meeting_rooms` (`floor_id`, `meeting_room_id`, `meeting_room_name`) values (2, 16, 'Room 5');
insert into `meeting_rooms` (`floor_id`, `meeting_room_id`, `meeting_room_name`) values (2, 17, 'Room 4');
insert into `meeting_rooms` (`floor_id`, `meeting_room_id`, `meeting_room_name`) values (2, 18, 'Room 3');
insert into `meeting_rooms` (`floor_id`, `meeting_room_id`, `meeting_room_name`) values (2, 19, 'Room 2');
insert into `meeting_rooms` (`floor_id`, `meeting_room_id`, `meeting_room_name`) values (2, 20, 'Room 1');
insert into `meeting_rooms` (`floor_id`, `meeting_room_id`, `meeting_room_name`) values (2, 21, 'Boardroom');
insert into `meeting_rooms` (`floor_id`, `meeting_room_id`, `meeting_room_name`) values (3, 22, 'Studio 4');
insert into `meeting_rooms` (`floor_id`, `meeting_room_id`, `meeting_room_name`) values (4, 23, 'Testing Room');
insert into `meeting_rooms` (`floor_id`, `meeting_room_id`, `meeting_room_name`) values (5, 24, 'Room 4');
insert into `meeting_rooms` (`floor_id`, `meeting_room_id`, `meeting_room_name`) values (5, 25, 'Room 2');
insert into `meeting_rooms` (`floor_id`, `meeting_room_id`, `meeting_room_name`) values (5, 26, 'Room 1');
insert into `meeting_rooms` (`floor_id`, `meeting_room_id`, `meeting_room_name`) values (5, 27, 'Room 3');
insert into `meeting_rooms` (`floor_id`, `meeting_room_id`, `meeting_room_name`) values (5, 28, 'Training Room 2');
insert into `meeting_rooms` (`floor_id`, `meeting_room_id`, `meeting_room_name`) values (5, 29, 'Video Studio');
insert into `meeting_rooms` (`floor_id`, `meeting_room_id`, `meeting_room_name`) values (6, 30, 'Car Park');
insert into `meeting_rooms` (`floor_id`, `meeting_room_id`, `meeting_room_name`) values (7, 31, 'North Room 1');
insert into `meeting_rooms` (`floor_id`, `meeting_room_id`, `meeting_room_name`) values (7, 32, 'South Room 1');
insert into `meeting_rooms` (`floor_id`, `meeting_room_id`, `meeting_room_name`) values (7, 33, 'North Room 2');
insert into `meeting_rooms` (`floor_id`, `meeting_room_id`, `meeting_room_name`) values (7, 34, 'South Room 2');
insert into `meeting_rooms` (`floor_id`, `meeting_room_id`, `meeting_room_name`) values (7, 35, 'South Room 3');
insert into `meeting_rooms` (`floor_id`, `meeting_room_id`, `meeting_room_name`) values (8, 36, 'North Booth 2');
insert into `meeting_rooms` (`floor_id`, `meeting_room_id`, `meeting_room_name`) values (5, 37, 'Boardroom');
insert into `meeting_rooms` (`floor_id`, `meeting_room_id`, `meeting_room_name`) values (5, 38, 'Room 5');
insert into `meeting_rooms` (`floor_id`, `meeting_room_id`, `meeting_room_name`) values (8, 39, 'North Room 2');
insert into `meeting_rooms` (`floor_id`, `meeting_room_id`, `meeting_room_name`) values (9, 40, 'Hub 1');
insert into `meeting_rooms` (`floor_id`, `meeting_room_id`, `meeting_room_name`) values (8, 41, 'North Booth 1');
insert into `meeting_rooms` (`floor_id`, `meeting_room_id`, `meeting_room_name`) values (8, 42, 'Booth 3');
insert into `meeting_rooms` (`floor_id`, `meeting_room_id`, `meeting_room_name`) values (8, 43, 'North Room 1');
insert into `meeting_rooms` (`floor_id`, `meeting_room_id`, `meeting_room_name`) values (9, 44, 'Hub 2');
insert into `meeting_rooms` (`floor_id`, `meeting_room_id`, `meeting_room_name`) values (10, 45, 'North');
insert into `meeting_rooms` (`floor_id`, `meeting_room_id`, `meeting_room_name`) values (5, 46, 'The Space');
insert into `meeting_rooms` (`floor_id`, `meeting_room_id`, `meeting_room_name`) values (11, 47, 'Photo Studio');
insert into `meeting_rooms` (`floor_id`, `meeting_room_id`, `meeting_room_name`) values (12, 48, 'CEO''s meeting room');
insert into `meeting_rooms` (`floor_id`, `meeting_room_id`, `meeting_room_name`) values (11, 49, 'Room 4');
insert into `meeting_rooms` (`floor_id`, `meeting_room_id`, `meeting_room_name`) values (13, 50, 'Decanter Tasting Suite');
insert into `meeting_rooms` (`floor_id`, `meeting_room_id`, `meeting_room_name`) values (12, 51, 'Room 9');
insert into `meeting_rooms` (`floor_id`, `meeting_room_id`, `meeting_room_name`) values (11, 52, 'Room 6');
insert into `meeting_rooms` (`floor_id`, `meeting_room_id`, `meeting_room_name`) values (11, 53, 'Room 1');
insert into `meeting_rooms` (`floor_id`, `meeting_room_id`, `meeting_room_name`) values (12, 54, 'Room 8');
insert into `meeting_rooms` (`floor_id`, `meeting_room_id`, `meeting_room_name`) values (12, 55, 'Room 7');
insert into `meeting_rooms` (`floor_id`, `meeting_room_id`, `meeting_room_name`) values (12, 56, 'Room 4');
insert into `meeting_rooms` (`floor_id`, `meeting_room_id`, `meeting_room_name`) values (14, 57, 'Room 3');
insert into `meeting_rooms` (`floor_id`, `meeting_room_id`, `meeting_room_name`) values (12, 58, 'Room 3');
insert into `meeting_rooms` (`floor_id`, `meeting_room_id`, `meeting_room_name`) values (11, 59, 'Room 3');
insert into `meeting_rooms` (`floor_id`, `meeting_room_id`, `meeting_room_name`) values (12, 60, 'Room 2');
insert into `meeting_rooms` (`floor_id`, `meeting_room_id`, `meeting_room_name`) values (11, 61, 'Room 2');
insert into `meeting_rooms` (`floor_id`, `meeting_room_id`, `meeting_room_name`) values (14, 62, '4th Floor Board Room');
insert into `meeting_rooms` (`floor_id`, `meeting_room_id`, `meeting_room_name`) values (13, 63, 'Video Studio');
insert into `meeting_rooms` (`floor_id`, `meeting_room_id`, `meeting_room_name`) values (14, 64, 'Room 1');
insert into `meeting_rooms` (`floor_id`, `meeting_room_id`, `meeting_room_name`) values (12, 65, 'Hot Office 1');
insert into `meeting_rooms` (`floor_id`, `meeting_room_id`, `meeting_room_name`) values (12, 66, 'Room 10');
insert into `meeting_rooms` (`floor_id`, `meeting_room_id`, `meeting_room_name`) values (12, 67, 'Room 11');
insert into `meeting_rooms` (`floor_id`, `meeting_room_id`, `meeting_room_name`) values (12, 68, 'Room 12');
insert into `meeting_rooms` (`floor_id`, `meeting_room_id`, `meeting_room_name`) values (12, 69, 'Room 13');
insert into `meeting_rooms` (`floor_id`, `meeting_room_id`, `meeting_room_name`) values (12, 70, 'Room 14');
insert into `meeting_rooms` (`floor_id`, `meeting_room_id`, `meeting_room_name`) values (12, 71, 'Room 15');
insert into `meeting_rooms` (`floor_id`, `meeting_room_id`, `meeting_room_name`) values (12, 72, 'Board Room');
insert into `meeting_rooms` (`floor_id`, `meeting_room_id`, `meeting_room_name`) values (11, 73, 'Room 5');
insert into `meeting_rooms` (`floor_id`, `meeting_room_id`, `meeting_room_name`) values (15, 74, 'Reading Lifestyle Studio');
insert into `meeting_rooms` (`floor_id`, `meeting_room_id`, `meeting_room_name`) values (15, 75, 'Test Kitchen');
insert into `meeting_rooms` (`floor_id`, `meeting_room_id`, `meeting_room_name`) values (15, 76, 'Reading Video Studio');
insert into `meeting_rooms` (`floor_id`, `meeting_room_id`, `meeting_room_name`) values (15, 77, 'Reading Ground Floor');
insert into `meeting_rooms` (`floor_id`, `meeting_room_id`, `meeting_room_name`) values (16, 78, 'Reading First Floor');
insert into `meeting_rooms` (`floor_id`, `meeting_room_id`, `meeting_room_name`) values (17, 79, 'York Boardroom');
insert into `meeting_rooms` (`floor_id`, `meeting_room_id`, `meeting_room_name`) values (17, 80, 'Retro Room');
insert into `meeting_rooms` (`floor_id`, `meeting_room_id`, `meeting_room_name`) values (17, 81, 'Den');
insert into `meeting_rooms` (`floor_id`, `meeting_room_id`, `meeting_room_name`) values (17, 82, 'Kermit Room');
insert into `issues` (`author_email`, `created_date`, `fresh_ticket_id`, `is_resolved`, `issue_note`, `meeting_room_id`) values ('leenton.chinyanga@futurenet.com', 1712265236, 11211, 0, 'Batteries in the chrome box don''t work', 5);
insert into `issues` (`author_email`, `created_date`, `fresh_ticket_id`, `is_resolved`, `issue_note`, `meeting_room_id`) values ('leenton.chinyanga@futurenet.com', 1712265236, 34111, 0, 'I think I saw a UFO in the window???', 5);
insert into `issues` (`author_email`, `created_date`, `fresh_ticket_id`, `is_resolved`, `issue_note`, `meeting_room_id`) values ('leenton.chinyanga@futurenet.com', 1712265236, 12311, 0, 'OMG the UFO is shooting lazers all across NEW YORK!', 5);
insert into `issues` (`author_email`, `created_date`, `fresh_ticket_id`, `is_resolved`, `issue_note`, `meeting_room_id`) values ('leenton.chinyanga@futurenet.com', 1712265236, 11411, 0, 'TELL MY WIFE I LOVE HER!', 5);
insert into `issues` (`author_email`, `created_date`, `fresh_ticket_id`, `is_resolved`, `issue_note`, `meeting_room_id`) values ('leenton.chinyanga@futurenet.com', 1712265236, 11210, 1, 'Batteries in the chrome box don''t work', 5);
